epoch,box_loss,cls_loss,l1_loss,loss_o2m,loss_o2o,prog_alpha,lr,precision,recall,mAP50,mAP50_95,fitness,ms_per_image
1,4.11397,6.03391,3.68268,13.7853,14.0116,0.8,0.00499987,0,0,0.000315792,8.02317e-05,0.000103788,1.68385
2,3.40763,5.42142,3.70184,12.6382,12.108,0.797659,0.00499948,0.805921,0.0199116,0.0358445,0.00992788,0.0125195,0.940832
3,2.47362,4.32981,2.65367,9.48188,9.36079,0.795318,0.00499883,0.347311,0.246121,0.215466,0.0832585,0.0964793,0.935461
4,2.05218,3.36277,2.1554,7.53306,7.71321,0.792977,0.00499792,0.39,0.402725,0.360463,0.151871,0.172731,0.954017
5,1.89349,2.93356,1.96453,6.73984,6.98698,0.790635,0.00499675,0.377634,0.610908,0.474937,0.214204,0.240277,0.952009
6,1.81757,2.69581,1.85607,6.31133,6.58589,0.788294,0.00499531,0.368351,0.686838,0.507076,0.210131,0.239825,0.942207
7,1.76892,2.51936,1.77574,6.00667,6.27461,0.785953,0.00499362,0.418913,0.699512,0.556726,0.256587,0.286601,0.956539
8,1.72897,2.3925,1.71093,5.77192,6.05143,0.783612,0.00499167,0.387963,0.75346,0.579992,0.26277,0.294492,0.962772
9,1.69588,2.30341,1.66886,5.60852,5.88115,0.781271,0.00498946,0.393744,0.788573,0.614172,0.280027,0.313442,0.941102
10,1.67549,2.23875,1.63656,5.49212,5.75756,0.77893,0.00498699,0.382575,0.807677,0.617779,0.286353,0.319496,0.938203
11,1.6484,2.17913,1.61698,5.38431,5.6538,0.776589,0.00498426,0.390203,0.794742,0.634479,0.283644,0.318728,0.959787
12,1.63667,2.1294,1.60867,5.31354,5.58459,0.774247,0.00498127,0.394575,0.820275,0.633204,0.292107,0.326217,0.950332
13,1.61193,2.09126,1.56878,5.20906,5.4849,0.771906,0.00497803,0.372304,0.837451,0.662892,0.316456,0.351099,0.931367
14,1.59692,2.04347,1.56519,5.14402,5.41118,0.769565,0.00497452,0.42512,0.82528,0.677299,0.320379,0.356071,0.952093
15,1.59231,2.01241,1.53681,5.07804,5.35082,0.767224,0.00497076,0.421573,0.829272,0.685474,0.329099,0.364737,0.946023
16,1.58381,1.99507,1.52398,5.04065,5.30526,0.764883,0.00496674,0.427233,0.821993,0.681386,0.320668,0.35674,0.937462
17,1.5698,1.97335,1.50593,4.9848,5.25551,0.762542,0.00496246,0.416334,0.853872,0.715153,0.350015,0.386529,0.943916
18,1.56178,1.94882,1.49343,4.93788,5.21371,0.760201,0.00495793,0.445093,0.836546,0.714373,0.341868,0.379119,0.952066
19,1.55806,1.9255,1.4899,4.90349,5.19244,0.75786,0.00495314,0.441817,0.853802,0.720676,0.354416,0.391042,0.947881
20,1.55058,1.89266,1.47206,4.84671,5.12726,0.755518,0.0049481,0.42776,0.859865,0.729068,0.359701,0.396638,0.941704
21,1.54415,1.87848,1.45626,4.80988,5.08949,0.753177,0.0049428,0.437074,0.85664,0.728384,0.353667,0.391139,0.938178
22,1.54461,1.88058,1.46078,4.80983,5.11542,0.750836,0.00493725,0.441846,0.865102,0.745069,0.375643,0.412586,0.947038
23,1.53755,1.85129,1.44681,4.76755,5.03834,0.748495,0.00493144,0.436162,0.865235,0.727173,0.350623,0.388278,0.949633
24,1.52289,1.82042,1.42692,4.69532,4.99043,0.746154,0.00492539,0.451124,0.869378,0.743792,0.370326,0.407673,0.93425
25,1.52777,1.82177,1.42839,4.7022,4.99777,0.743813,0.00491907,0.463905,0.8701,0.763012,0.379832,0.41815,0.947621
26,1.52273,1.80842,1.42334,4.68024,4.96742,0.741472,0.00491251,0.452763,0.881223,0.759681,0.385439,0.422864,0.945602
27,1.50908,1.76819,1.39249,4.59858,4.87144,0.73913,0.0049057,0.467983,0.880577,0.772118,0.385036,0.423744,0.946348
28,1.50353,1.77122,1.41094,4.61513,4.88323,0.736789,0.00489863,0.477289,0.878988,0.772599,0.383575,0.422478,0.940096
29,1.51779,1.76595,1.39737,4.60715,4.88567,0.734448,0.00489132,0.477585,0.88368,0.778785,0.39604,0.434314,0.941912
30,1.50919,1.76597,1.38322,4.58199,4.86715,0.732107,0.00488376,0.464669,0.891623,0.77638,0.394309,0.432516,0.941169
31,1.50131,1.75218,1.38082,4.56036,4.83401,0.729766,0.00487595,0.477108,0.888626,0.785073,0.395437,0.4344,0.958169
32,1.4985,1.7342,1.3609,4.51274,4.80942,0.727425,0.00486789,0.48472,0.892186,0.788744,0.387123,0.427285,0.958381
33,1.49754,1.73878,1.37018,4.52601,4.81879,0.725084,0.00485959,0.470549,0.893472,0.777873,0.392284,0.430843,0.946157
34,1.48736,1.71007,1.36021,4.48035,4.75914,0.722742,0.00485104,0.478587,0.898618,0.788335,0.391046,0.430775,0.954532
35,1.48264,1.7048,1.36839,4.47621,4.76099,0.720401,0.00484225,0.494154,0.898288,0.798907,0.404763,0.444177,0.943452
36,1.48534,1.68907,1.3489,4.44259,4.72891,0.71806,0.00483322,0.493207,0.899746,0.794376,0.407254,0.445967,0.95402
37,1.48034,1.69476,1.35655,4.44961,4.73821,0.715719,0.00482394,0.491172,0.896725,0.795807,0.404534,0.443661,0.94763
38,1.48352,1.69437,1.34869,4.44563,4.72804,0.713378,0.00481442,0.493345,0.904023,0.799667,0.402048,0.44181,0.956599
39,1.48135,1.68021,1.33939,4.42264,4.69365,0.711037,0.00480467,0.494977,0.90084,0.805254,0.400489,0.440965,0.949452
40,1.47733,1.67978,1.3453,4.42303,4.69555,0.708696,0.00479467,0.506317,0.904265,0.808156,0.410941,0.450663,0.957671
41,1.47575,1.65856,1.33363,4.39083,4.65341,0.706355,0.00478444,0.502057,0.907668,0.81449,0.420842,0.460206,0.948157
42,1.46849,1.67113,1.3274,4.38975,4.6508,0.704013,0.00477396,0.508562,0.913561,0.823004,0.420813,0.461032,0.945633
43,1.46368,1.66757,1.31776,4.36979,4.63533,0.701672,0.00476326,0.49753,0.912874,0.814801,0.422186,0.461448,0.951722
44,1.46635,1.64641,1.31946,4.34587,4.63305,0.699331,0.00475232,0.503854,0.911755,0.817482,0.418052,0.457995,0.944195
45,1.46726,1.64088,1.31863,4.34104,4.624,0.69699,0.00474114,0.510806,0.912848,0.820909,0.420277,0.46034,0.953555
46,1.46103,1.63826,1.30884,4.32069,4.60705,0.694649,0.00472973,0.50605,0.911277,0.820915,0.423081,0.462864,0.936176
47,1.45992,1.62926,1.3162,4.32178,4.59351,0.692308,0.0047181,0.512631,0.917105,0.821646,0.424662,0.46436,0.944811
48,1.45967,1.62031,1.29312,4.2892,4.55983,0.689967,0.00470623,0.517371,0.915939,0.822646,0.426595,0.4662,0.935074
49,1.45854,1.62804,1.30194,4.30338,4.57596,0.687625,0.00469413,0.516663,0.917835,0.823293,0.425751,0.465505,0.94206
50,1.46335,1.63449,1.31113,4.32795,4.58538,0.685284,0.00468181,0.513528,0.91895,0.826648,0.430695,0.47029,1.03773
51,1.45529,1.61663,1.29886,4.28746,4.55025,0.682943,0.00466926,0.519681,0.921922,0.827148,0.428424,0.468297,0.968696
52,1.45711,1.61946,1.30366,4.29307,4.56599,0.680602,0.00465649,0.519385,0.92604,0.827486,0.429627,0.469413,0.95953
53,1.4544,1.60977,1.29104,4.26743,4.54022,0.678261,0.0046435,0.52843,0.928225,0.834444,0.430794,0.471159,0.952675
54,1.44867,1.60054,1.28398,4.24476,4.51761,0.67592,0.00463028,0.52806,0.924835,0.834262,0.433575,0.473644,0.949509
55,1.45029,1.59904,1.28271,4.24575,4.51009,0.673579,0.00461684,0.524713,0.923153,0.835008,0.431603,0.471944,0.936306
56,1.45548,1.59685,1.29523,4.26036,4.52561,0.671237,0.00460319,0.523762,0.926281,0.836528,0.436107,0.476149,0.938454
57,1.44841,1.58404,1.27253,4.21219,4.49242,0.668896,0.00458932,0.528,0.927958,0.840301,0.438988,0.47912,0.938721
58,1.44258,1.58617,1.27543,4.21647,4.47951,0.666555,0.00457523,0.52098,0.927356,0.841436,0.436942,0.477391,0.942967
59,1.44303,1.59113,1.2892,4.23513,4.4979,0.664214,0.00456093,0.525317,0.926723,0.841849,0.435453,0.476092,0.937046
60,1.44543,1.57137,1.26479,4.19506,4.45096,0.661873,0.00454642,0.526233,0.927479,0.841873,0.437353,0.477805,0.944322
61,1.44528,1.58059,1.28104,4.21622,4.48257,0.659532,0.00453169,0.530179,0.929614,0.842008,0.436965,0.477469,0.948316
62,1.44132,1.58095,1.27492,4.20606,4.47192,0.657191,0.00451676,0.532774,0.929231,0.845512,0.437801,0.478572,0.938842
63,1.43989,1.57805,1.25985,4.18551,4.45286,0.654849,0.00450162,0.533169,0.928599,0.847095,0.43915,0.479944,0.952494
64,1.43143,1.56752,1.25128,4.16037,4.41897,0.652508,0.00448627,0.531345,0.926991,0.847481,0.439428,0.480234,0.961959
65,1.44231,1.56159,1.26304,4.17923,4.42997,0.650167,0.00447072,0.533998,0.928899,0.84612,0.438711,0.479452,0.948887
66,1.4265,1.55188,1.24456,4.13089,4.39227,0.647826,0.00445497,0.531579,0.927263,0.845788,0.439684,0.480294,0.941022
67,1.44053,1.56443,1.26009,4.17424,4.43041,0.645485,0.00443902,0.532153,0.929401,0.846553,0.439558,0.480257,0.959693
68,1.42819,1.55536,1.25095,4.14504,4.39575,0.643144,0.00442286,0.531413,0.931005,0.846256,0.44173,0.482182,0.941037
69,1.43124,1.54378,1.24773,4.1339,4.38126,0.640803,0.00440651,0.533595,0.931611,0.84854,0.442203,0.482837,0.953977
70,1.43462,1.5439,1.23017,4.11517,4.37384,0.638462,0.00438997,0.534883,0.93079,0.850433,0.443756,0.484424,0.957023
71,1.43051,1.54212,1.24249,4.12373,4.37488,0.63612,0.00437323,0.536929,0.931064,0.850914,0.444326,0.484985,0.952188
72,1.43272,1.54403,1.24757,4.13377,4.38103,0.633779,0.0043563,0.533188,0.930707,0.851621,0.444203,0.484945,0.946367
73,1.43217,1.53122,1.23294,4.10195,4.35802,0.631438,0.00433918,0.539477,0.930162,0.8521,0.444641,0.485387,0.938075
74,1.42707,1.53506,1.23177,4.09801,4.35652,0.629097,0.00432187,0.53776,0.930979,0.852124,0.445054,0.485761,0.945128
75,1.42534,1.54253,1.24168,4.11442,4.36927,0.626756,0.00430438,0.537706,0.930798,0.852621,0.445404,0.486126,0.967051
76,1.42406,1.52142,1.23711,4.08955,4.33726,0.624415,0.0042867,0.53934,0.931796,0.851887,0.445941,0.486536,0.937297
77,1.41936,1.51968,1.23995,4.08609,4.3319,0.622074,0.00426884,0.539936,0.932844,0.852464,0.445922,0.486576,0.938797
78,1.42536,1.53001,1.22844,4.08883,4.33862,0.619732,0.0042508,0.542037,0.933746,0.853248,0.445658,0.486417,0.938358
79,1.42829,1.51907,1.2383,4.09145,4.33767,0.617391,0.00423258,0.542802,0.933002,0.854474,0.446358,0.48717,0.968753
80,1.42987,1.52838,1.22397,4.07777,4.34909,0.61505,0.00421419,0.544341,0.933647,0.856459,0.447615,0.4885,0.943728
81,1.42199,1.52432,1.22056,4.06453,4.32878,0.612709,0.00419562,0.545571,0.933531,0.856574,0.447801,0.488678,0.9518
82,1.41978,1.51184,1.22682,4.05952,4.31341,0.610368,0.00417687,0.545838,0.932929,0.856736,0.447602,0.488515,0.949888
83,1.41913,1.50126,1.22216,4.0495,4.28688,0.608027,0.00415796,0.546877,0.933359,0.857507,0.448445,0.489351,0.94238
84,1.41861,1.50521,1.23235,4.05628,4.30962,0.605686,0.00413888,0.546018,0.932741,0.857049,0.44836,0.489229,0.940864
85,1.42574,1.50607,1.22254,4.04987,4.31327,0.603344,0.00411964,0.544774,0.933716,0.858495,0.44897,0.489922,0.955481
86,1.41821,1.5089,1.22033,4.04523,4.30138,0.601003,0.00410023,0.54635,0.934476,0.858995,0.44975,0.490674,0.947729
87,1.41885,1.51055,1.22973,4.05681,4.31176,0.598662,0.00408065,0.544729,0.934849,0.858454,0.449419,0.490323,0.936043
88,1.425,1.50427,1.2037,4.03066,4.28411,0.596321,0.00406092,0.544839,0.935064,0.858182,0.449261,0.490153,0.943567
89,1.42454,1.49851,1.21124,4.03626,4.27771,0.59398,0.00404103,0.547148,0.935064,0.859148,0.450046,0.490956,0.945591
90,1.41852,1.49053,1.19545,4.00751,4.24502,0.591639,0.00402099,0.547569,0.935394,0.859592,0.450163,0.491106,0.941587
91,1.42017,1.48788,1.19474,4.00226,4.24703,0.589298,0.00400079,0.548278,0.934849,0.860028,0.451295,0.492168,0.942747
92,1.42303,1.50234,1.2291,4.04992,4.30303,0.586957,0.00398044,0.545346,0.934864,0.85912,0.451663,0.492409,0.938717
93,1.421,1.49584,1.20312,4.01556,4.26689,0.584615,0.00395995,0.546728,0.9339,0.859635,0.452295,0.493029,0.939296
94,1.41308,1.47815,1.2073,3.99107,4.24833,0.582274,0.0039393,0.547288,0.935279,0.86087,0.452293,0.493151,0.93584
95,1.41464,1.48744,1.21021,4.00937,4.25436,0.579933,0.00391852,0.547835,0.934445,0.859954,0.452282,0.493049,0.959817
96,1.41377,1.49201,1.19052,3.99691,4.2322,0.577592,0.00389759,0.54747,0.935206,0.860816,0.452688,0.493501,0.942419
97,1.4207,1.4975,1.20133,4.00946,4.26863,0.575251,0.00387652,0.548831,0.935866,0.860526,0.452407,0.493219,0.95896
98,1.41732,1.49652,1.19534,3.99915,4.25678,0.57291,0.00385531,0.548542,0.935536,0.861643,0.453682,0.494478,0.948491
99,1.40646,1.48781,1.1997,3.98423,4.23979,0.570569,0.00383397,0.550361,0.935321,0.861967,0.453477,0.494326,0.947695
100,1.41218,1.48767,1.218,4.0123,4.25676,0.568227,0.0038125,0.548693,0.935191,0.861117,0.453333,0.494112,0.97612
101,1.4077,1.48782,1.21067,3.99803,4.2472,0.565886,0.0037909,0.548346,0.935106,0.860881,0.453401,0.494149,0.956109
102,1.40987,1.48129,1.18568,3.96467,4.22166,0.563545,0.00376916,0.549519,0.934058,0.86101,0.454383,0.495046,0.928496
103,1.39955,1.45898,1.16932,3.92248,4.16261,0.561204,0.00374731,0.550065,0.935151,0.861,0.454029,0.494726,0.947166
104,1.40476,1.47644,1.19865,3.97217,4.21625,0.558863,0.00372533,0.551629,0.934703,0.861817,0.454421,0.495161,0.954507
105,1.4138,1.47438,1.2023,3.98005,4.22907,0.556522,0.00370323,0.552001,0.934395,0.862983,0.454432,0.495287,0.939942
106,1.4108,1.47812,1.18924,3.96926,4.21354,0.554181,0.00368101,0.553073,0.934257,0.86259,0.453892,0.494762,0.948216
107,1.41,1.47137,1.19523,3.96493,4.2141,0.551839,0.00365867,0.553339,0.934193,0.86234,0.453953,0.494792,0.93751
108,1.40382,1.46165,1.1794,3.93063,4.18423,0.549498,0.00363623,0.55176,0.933921,0.862654,0.454333,0.495165,0.950184
109,1.40795,1.47637,1.18834,3.95913,4.20983,0.547157,0.00361367,0.552542,0.933424,0.863787,0.454783,0.495683,0.943128
110,1.41051,1.46304,1.17156,3.93535,4.1765,0.544816,0.003591,0.551402,0.933754,0.864411,0.454846,0.495802,0.963122
111,1.40583,1.45923,1.17845,3.9358,4.17122,0.542475,0.00356823,0.551513,0.933754,0.864006,0.454547,0.495493,0.934431
112,1.39981,1.44578,1.18304,3.92446,4.15096,0.540134,0.00354535,0.553218,0.934085,0.864234,0.454883,0.495818,0.953449
113,1.40374,1.46198,1.19004,3.94465,4.18505,0.537793,0.00352237,0.553553,0.933797,0.86489,0.455367,0.496319,0.931145
114,1.40462,1.44882,1.18638,3.93241,4.16361,0.535452,0.0034993,0.554719,0.934802,0.8652,0.455804,0.496744,0.946905
115,1.40404,1.45737,1.17053,3.9191,4.16077,0.53311,0.00347612,0.554847,0.935808,0.865287,0.456284,0.497184,0.958726
116,1.4009,1.44619,1.17323,3.89987,4.15655,0.530769,0.00345286,0.555473,0.936599,0.864873,0.456402,0.497249,0.953501
117,1.39929,1.45575,1.17296,3.91502,4.15462,0.528428,0.0034295,0.554934,0.936384,0.86452,0.456344,0.497161,0.949072
118,1.39094,1.44557,1.15842,3.87748,4.1253,0.526087,0.00340606,0.556182,0.935765,0.865702,0.456846,0.497732,0.949837
119,1.3961,1.44048,1.16381,3.88533,4.12692,0.523746,0.00338253,0.557275,0.935263,0.866204,0.457004,0.497924,0.942421
120,1.39603,1.44488,1.1675,3.90049,4.126,0.521405,0.00335892,0.559842,0.936096,0.8665,0.457268,0.498191,0.949282
121,1.39579,1.45696,1.16743,3.90251,4.14717,0.519064,0.00333522,0.56069,0.936096,0.866834,0.457572,0.498498,0.951664
122,1.39485,1.43101,1.15937,3.87152,4.10683,0.516722,0.00331145,0.560441,0.935593,0.86708,0.457339,0.498313,0.947089
123,1.40174,1.43696,1.15897,3.87999,4.12234,0.514381,0.0032876,0.560627,0.93522,0.866542,0.456932,0.497893,0.968659
124,1.40175,1.43436,1.14646,3.86955,4.10118,0.51204,0.00326368,0.563401,0.935451,0.866023,0.457243,0.498121,0.949468
125,1.40045,1.437,1.15164,3.87609,4.10657,0.509699,0.0032397,0.564685,0.935451,0.866621,0.457133,0.498082,0.943804
126,1.3988,1.4285,1.16038,3.87488,4.10386,0.507358,0.00321564,0.564549,0.934705,0.86724,0.457154,0.498163,0.947682
127,1.3968,1.4297,1.17607,3.88402,4.12351,0.505017,0.00319152,0.565963,0.935064,0.866767,0.457044,0.498017,0.946189
128,1.39531,1.42987,1.15648,3.86081,4.1038,0.502676,0.00316733,0.566104,0.936112,0.867716,0.457197,0.498249,0.957373
129,1.39906,1.42144,1.16479,3.86214,4.1086,0.500334,0.00314309,0.566787,0.936327,0.868301,0.45755,0.498626,0.959412
130,1.40321,1.43555,1.15985,3.87498,4.12126,0.497993,0.00311879,0.569272,0.936327,0.869466,0.458716,0.499791,0.940494
131,1.39053,1.41811,1.1479,3.84615,4.06503,0.495652,0.00309444,0.569772,0.936772,0.871287,0.459507,0.500685,0.943579
132,1.39816,1.41756,1.14738,3.84232,4.0807,0.493311,0.00307003,0.570815,0.937275,0.87196,0.459789,0.501006,0.945568
133,1.3934,1.41158,1.14156,3.8297,4.05924,0.49097,0.00304558,0.570032,0.935973,0.871569,0.46008,0.501229,0.948588
134,1.38734,1.42938,1.1375,3.83439,4.06872,0.488629,0.00302108,0.568758,0.935179,0.870033,0.459614,0.500656,0.935201
135,1.38934,1.40841,1.14744,3.82195,4.06186,0.486288,0.00299653,0.571307,0.935682,0.870031,0.460103,0.501096,0.952063
136,1.39178,1.41113,1.14438,3.82534,4.06164,0.483946,0.00297195,0.570227,0.935467,0.870094,0.460407,0.501376,0.945728
137,1.39048,1.42563,1.12846,3.81907,4.06117,0.481605,0.00294732,0.571511,0.935467,0.870691,0.460484,0.501504,0.955509
138,1.39032,1.40686,1.13287,3.81463,4.03628,0.479264,0.00292267,0.571617,0.935433,0.870637,0.46063,0.50163,0.933388
139,1.39207,1.42263,1.14387,3.84017,4.06651,0.476923,0.00289798,0.573116,0.935037,0.870458,0.46044,0.501442,0.938532
140,1.39129,1.3993,1.13952,3.81231,4.03653,0.474582,0.00287326,0.574197,0.935467,0.870913,0.4607,0.501721,0.954023
141,1.39224,1.41411,1.14756,3.8365,4.05895,0.472241,0.00284851,0.573702,0.936085,0.870461,0.460818,0.501782,0.935389
142,1.38821,1.39742,1.12973,3.79282,4.02398,0.4699,0.00282373,0.575558,0.935927,0.869761,0.460482,0.50141,0.952021
143,1.39215,1.40161,1.14485,3.82145,4.04149,0.467559,0.00279894,0.575792,0.937663,0.870844,0.460918,0.50191,0.957821
144,1.38404,1.40735,1.1533,3.81543,4.05712,0.465217,0.00277413,0.576196,0.936829,0.870536,0.461866,0.502733,0.959322
145,1.38431,1.39823,1.13193,3.78996,4.02178,0.462876,0.0027493,0.57558,0.937084,0.870569,0.462388,0.503206,0.944654
146,1.38661,1.40896,1.15599,3.82744,4.05753,0.460535,0.00272445,0.576539,0.937977,0.870987,0.461794,0.502713,0.941771
147,1.38388,1.39154,1.13814,3.79576,4.01318,0.458194,0.0026996,0.576748,0.93759,0.870709,0.461815,0.502705,0.960837
148,1.38329,1.40306,1.12445,3.78833,4.01342,0.455853,0.00267474,0.576959,0.937805,0.871609,0.46261,0.50351,0.952159
149,1.39031,1.39988,1.13912,3.8075,4.0304,0.453512,0.00264987,0.579086,0.938234,0.87222,0.463276,0.504171,0.957713
150,1.38445,1.40218,1.12461,3.78966,4.01118,0.451171,0.002625,0.579769,0.93759,0.873601,0.463772,0.504755,0.961393
151,1.38963,1.39433,1.11626,3.77956,3.99849,0.448829,0.00260013,0.578744,0.937495,0.873025,0.463763,0.504689,0.946495
152,1.38646,1.39019,1.1204,3.77745,3.99352,0.446488,0.00257526,0.579327,0.937636,0.873395,0.463557,0.504541,0.955858
153,1.38104,1.3879,1.11973,3.76566,3.98696,0.444147,0.0025504,0.579666,0.936945,0.873985,0.463708,0.504735,0.941711
154,1.38244,1.39643,1.11933,3.77753,3.9937,0.441806,0.00252555,0.581237,0.937087,0.874405,0.464177,0.5052,0.936054
155,1.38233,1.39587,1.11588,3.7699,3.99144,0.439465,0.0025007,0.581936,0.93716,0.873595,0.464014,0.504972,0.950659
156,1.38008,1.37349,1.12104,3.75867,3.96464,0.437124,0.00247587,0.582995,0.936657,0.873818,0.464118,0.505088,0.955684
157,1.38509,1.3906,1.11866,3.77103,3.9892,0.434783,0.00245106,0.583436,0.936727,0.873948,0.464297,0.505262,0.938234
158,1.38245,1.39112,1.14153,3.79124,4.00948,0.432441,0.00242627,0.584989,0.936796,0.874152,0.465213,0.506107,0.932021
159,1.37651,1.38064,1.12559,3.76196,3.97389,0.4301,0.00240149,0.586669,0.936772,0.873973,0.465304,0.506171,0.944167
160,1.38339,1.37346,1.11262,3.75188,3.95737,0.427759,0.00237674,0.587301,0.936558,0.874508,0.464594,0.505585,0.964123
161,1.37908,1.37025,1.11588,3.74699,3.95273,0.425418,0.00235202,0.585654,0.936558,0.874324,0.465182,0.506096,0.937935
162,1.38141,1.386,1.10206,3.74201,3.96293,0.423077,0.00232733,0.586408,0.937337,0.875458,0.465375,0.506383,0.943032
163,1.3805,1.37933,1.10964,3.74434,3.96036,0.420736,0.00230268,0.586749,0.93749,0.875634,0.465801,0.506784,0.948323
164,1.36877,1.35861,1.10445,3.70761,3.9212,0.418395,0.00227805,0.590009,0.937993,0.875627,0.466354,0.507282,0.94549
165,1.37259,1.36113,1.10938,3.71629,3.93345,0.416054,0.00225347,0.588998,0.938281,0.875922,0.46663,0.50756,0.956208
166,1.37946,1.35869,1.11334,3.72607,3.93999,0.413712,0.00222892,0.592189,0.938281,0.876558,0.466802,0.507777,0.957267
167,1.37072,1.36213,1.10604,3.71189,3.92765,0.411371,0.00220442,0.591865,0.938711,0.876754,0.466714,0.507718,0.948134
168,1.38596,1.36294,1.11901,3.74342,3.95407,0.40903,0.00217997,0.591142,0.938496,0.876606,0.466831,0.507809,0.967109
169,1.36864,1.35549,1.10846,3.71132,3.91572,0.406689,0.00215556,0.59044,0.938711,0.876759,0.466817,0.507811,0.947579
170,1.37413,1.35029,1.09435,3.69462,3.90304,0.404348,0.00213121,0.593317,0.93914,0.877004,0.467556,0.508501,0.947476
171,1.37179,1.36307,1.10257,3.7086,3.92402,0.402007,0.00210691,0.595003,0.938595,0.876839,0.467289,0.508244,0.961985
172,1.37464,1.36329,1.10868,3.71787,3.93234,0.399666,0.00208267,0.595401,0.93848,0.877242,0.467805,0.508748,0.960148
173,1.36377,1.36012,1.0935,3.69807,3.89606,0.397324,0.00205848,0.595193,0.938711,0.877656,0.467586,0.508593,0.95073
174,1.37348,1.35947,1.1042,3.71869,3.91449,0.394983,0.00203436,0.594815,0.93838,0.877627,0.467837,0.508816,0.940824
175,1.36993,1.34897,1.07792,3.67753,3.87395,0.392642,0.0020103,0.594289,0.938595,0.878085,0.468278,0.509259,0.951468
176,1.36638,1.35041,1.09157,3.6889,3.88483,0.390301,0.00198632,0.598196,0.938307,0.878702,0.468851,0.509836,0.952296
177,1.36165,1.34119,1.09614,3.67713,3.87622,0.38796,0.0019624,0.599665,0.938522,0.879471,0.470058,0.510999,0.936861
178,1.36617,1.34585,1.08968,3.68011,3.87802,0.385619,0.00193855,0.599261,0.938234,0.879356,0.470013,0.510947,0.961943
179,1.37598,1.34459,1.07702,3.66977,3.87702,0.383278,0.00191478,0.599508,0.937616,0.880267,0.470626,0.51159,0.957771
180,1.37303,1.34839,1.0782,3.66913,3.87991,0.380936,0.00189108,0.59948,0.938019,0.879769,0.470352,0.511294,0.941342
181,1.36866,1.34763,1.09652,3.68289,3.89196,0.378595,0.00186747,0.599488,0.938965,0.879646,0.470291,0.511226,0.940087
182,1.37254,1.34126,1.08243,3.67614,3.86867,0.376254,0.00184394,0.600336,0.938334,0.880003,0.470546,0.511492,0.945887
183,1.36803,1.35323,1.08068,3.67033,3.88055,0.373913,0.0018205,0.599429,0.938003,0.880479,0.470805,0.511772,0.959329
184,1.36892,1.34791,1.08983,3.68054,3.88124,0.371572,0.00179714,0.599691,0.938837,0.880668,0.470725,0.511719,0.945643
185,1.36345,1.34045,1.07889,3.64912,3.86104,0.369231,0.00177388,0.599499,0.938622,0.880895,0.471157,0.512131,0.941893
186,1.36016,1.33367,1.0926,3.65883,3.86038,0.36689,0.0017507,0.603385,0.940579,0.881597,0.47167,0.512663,0.958776
187,1.36441,1.33812,1.08359,3.65985,3.85855,0.364548,0.00172763,0.604195,0.94033,0.881705,0.471999,0.512969,0.961561
188,1.36091,1.32787,1.08668,3.65124,3.84601,0.362207,0.00170465,0.603079,0.939183,0.882026,0.472104,0.513096,0.954762
189,1.37098,1.33466,1.09455,3.67255,3.87194,0.359866,0.00168177,0.605645,0.939183,0.882321,0.472495,0.513477,0.951438
190,1.36822,1.31951,1.06699,3.63101,3.82357,0.357525,0.001659,0.606903,0.939298,0.883062,0.472339,0.513411,0.953532
191,1.36776,1.32367,1.08514,3.65427,3.84393,0.355184,0.00163633,0.607439,0.939298,0.882944,0.471823,0.512935,0.948862
192,1.35503,1.32307,1.05933,3.61047,3.80666,0.352843,0.00161377,0.607981,0.940016,0.882461,0.471952,0.513003,0.947572
193,1.36033,1.3274,1.08001,3.64668,3.83305,0.350502,0.00159133,0.60855,0.939759,0.882307,0.472479,0.513462,0.946556
194,1.3543,1.32108,1.06731,3.62027,3.80807,0.348161,0.00156899,0.608299,0.940304,0.881887,0.472288,0.513248,0.93899
195,1.35601,1.31411,1.06827,3.61378,3.80428,0.345819,0.00154677,0.608758,0.940958,0.88178,0.4716,0.512618,0.956494
196,1.365,1.32103,1.06446,3.62288,3.81724,0.343478,0.00152467,0.608057,0.940691,0.881696,0.471654,0.512658,0.945545
197,1.35285,1.30006,1.06999,3.59865,3.78723,0.341137,0.00150269,0.608733,0.940691,0.882404,0.472195,0.513216,0.938327
198,1.35389,1.32033,1.06568,3.61358,3.80462,0.338796,0.00148084,0.611044,0.941022,0.882708,0.472411,0.51344,0.957268
199,1.35122,1.30787,1.07012,3.60893,3.79019,0.336455,0.0014591,0.612702,0.940895,0.883271,0.472946,0.513978,0.946829
200,1.35828,1.31553,1.06208,3.60732,3.8004,0.334114,0.0014375,0.612789,0.940434,0.882923,0.473635,0.514564,0.944384
201,1.34624,1.3077,1.07391,3.59522,3.79371,0.331773,0.00141603,0.612102,0.940764,0.883335,0.474797,0.515651,0.948569
202,1.35693,1.29828,1.07798,3.60486,3.79623,0.329431,0.00139469,0.614215,0.941928,0.884638,0.475364,0.516291,0.94809
203,1.35361,1.30477,1.08651,3.62303,3.80412,0.32709,0.00137348,0.614137,0.940359,0.883685,0.474986,0.515856,0.949345
204,1.35414,1.29061,1.05994,3.58676,3.7614,0.324749,0.00135241,0.614874,0.940592,0.883853,0.47462,0.515543,0.940827
205,1.34659,1.29697,1.06759,3.58874,3.76939,0.322408,0.00133148,0.616235,0.941995,0.885043,0.474609,0.515653,0.933202
206,1.35042,1.29419,1.0712,3.59289,3.77369,0.320067,0.0013107,0.615842,0.94164,0.884645,0.474566,0.515574,0.9585
207,1.3505,1.29335,1.06809,3.59041,3.76853,0.317726,0.00129005,0.616606,0.941147,0.885065,0.475047,0.516049,0.951912
208,1.34995,1.2889,1.06336,3.57719,3.75979,0.315385,0.00126956,0.616707,0.941022,0.884614,0.475107,0.516058,0.963703
209,1.3497,1.30036,1.07643,3.60308,3.78271,0.313043,0.00124921,0.617974,0.941524,0.885046,0.47524,0.51622,0.966626
210,1.34292,1.29353,1.0504,3.56161,3.74331,0.310702,0.00122901,0.618496,0.941821,0.88518,0.47547,0.516441,0.948476
211,1.34852,1.28458,1.05889,3.57257,3.74523,0.308361,0.00120897,0.619664,0.941524,0.885756,0.475919,0.516902,0.952976
212,1.34244,1.28401,1.04575,3.54939,3.72636,0.30602,0.00118908,0.620651,0.941739,0.886246,0.476289,0.517285,0.955154
213,1.34306,1.28621,1.04598,3.55315,3.7285,0.303679,0.00116935,0.622518,0.941739,0.886845,0.476371,0.517418,0.944853
214,1.35208,1.28571,1.04311,3.556,3.73477,0.301338,0.00114977,0.622985,0.941524,0.887182,0.476131,0.517236,0.957492
215,1.34224,1.28776,1.05713,3.56223,3.7404,0.298997,0.00113036,0.623566,0.941524,0.887355,0.476423,0.517516,0.940459
216,1.34837,1.27733,1.06432,3.56133,3.74431,0.296656,0.00111112,0.623691,0.94207,0.886829,0.476479,0.517514,0.905779
217,1.35005,1.27556,1.05475,3.55885,3.73102,0.294314,0.00109204,0.624725,0.942342,0.887461,0.476372,0.517481,0.94326
218,1.33749,1.27202,1.03237,3.52298,3.69092,0.291973,0.00107313,0.626923,0.942242,0.887497,0.47654,0.517636,0.960622
219,1.33529,1.27393,1.04689,3.54038,3.70329,0.289632,0.00105438,0.628166,0.942027,0.887581,0.477035,0.51809,0.93894
220,1.34161,1.28878,1.03634,3.54071,3.71752,0.287291,0.00103581,0.627814,0.942033,0.887305,0.477442,0.518428,0.951876
221,1.33117,1.27613,1.03713,3.51964,3.69416,0.28495,0.00101742,0.630524,0.942027,0.887477,0.477731,0.518706,0.943442
222,1.34232,1.29998,1.04726,3.55872,3.74111,0.282609,0.000999201,0.62761,0.942027,0.886993,0.477732,0.518658,0.947364
223,1.33558,1.27963,1.03904,3.53231,3.70175,0.280268,0.00098116,0.6296,0.942027,0.886815,0.477528,0.518457,0.9471
224,1.34016,1.26381,1.02794,3.52233,3.67409,0.277926,0.0009633,0.631831,0.941812,0.886986,0.477489,0.518439,0.955259
225,1.34075,1.27268,1.01807,3.51044,3.67755,0.275585,0.000945621,0.631297,0.940507,0.886855,0.477464,0.518403,0.947693
226,1.33687,1.26065,1.0229,3.49275,3.66841,0.273244,0.000928127,0.630282,0.940235,0.886598,0.477154,0.518098,0.942332
227,1.33171,1.27218,1.02711,3.50892,3.67636,0.270903,0.000910819,0.631027,0.939789,0.886917,0.477267,0.518232,0.955831
228,1.34127,1.27322,1.02995,3.51675,3.69133,0.268562,0.0008937,0.631761,0.940004,0.8877,0.477649,0.518654,0.952018
229,1.33874,1.27334,1.01388,3.50187,3.67098,0.266221,0.000876769,0.6334,0.939574,0.887366,0.477899,0.518846,0.940046
230,1.32942,1.26614,1.03291,3.50694,3.67204,0.26388,0.000860031,0.63428,0.939789,0.887509,0.477973,0.518927,0.942596
231,1.33511,1.25583,1.01958,3.49744,3.65056,0.261538,0.000843486,0.634824,0.939574,0.888042,0.478458,0.519416,0.945142
232,1.32183,1.24386,1.00429,3.44707,3.61298,0.259197,0.000827137,0.634652,0.938169,0.887993,0.478252,0.519226,0.946748
233,1.32888,1.25394,1.02041,3.4906,3.64215,0.256856,0.000810984,0.635924,0.938599,0.887649,0.478406,0.519331,0.955528
234,1.3376,1.26176,1.02238,3.50235,3.66251,0.254515,0.000795031,0.636564,0.938691,0.887509,0.478364,0.519279,0.952676
235,1.34126,1.25519,1.02054,3.49787,3.65714,0.252174,0.000779278,0.637071,0.938586,0.887626,0.478313,0.519244,0.96055
236,1.33456,1.26069,1.0183,3.49042,3.65456,0.249833,0.000763728,0.637385,0.938866,0.887239,0.478219,0.519121,0.945384
237,1.32664,1.24223,1.0117,3.46745,3.61778,0.247492,0.000748382,0.637758,0.938656,0.886768,0.478303,0.51915,0.957917
238,1.33152,1.26252,1.01721,3.49133,3.65019,0.245151,0.000733241,0.638705,0.938916,0.886774,0.478565,0.519386,0.957222
239,1.32865,1.25557,1.02025,3.49328,3.64014,0.242809,0.000718308,0.639571,0.939431,0.887185,0.478891,0.51972,0.957981
240,1.32766,1.24591,1.01847,3.48299,3.62656,0.240468,0.000703585,0.639966,0.939422,0.887993,0.479287,0.520157,0.929532
241,1.32414,1.23701,1.01641,3.46228,3.61359,0.238127,0.000689071,0.639985,0.939374,0.888033,0.479601,0.520444,0.94177
242,1.3228,1.24436,1.01705,3.47413,3.61819,0.235786,0.000674771,0.638251,0.938514,0.888317,0.479284,0.520187,0.953989
243,1.33135,1.25034,1.01404,3.48183,3.63042,0.233445,0.000660684,0.641425,0.938342,0.888374,0.479466,0.520357,0.941207
244,1.33486,1.26161,1.00534,3.47599,3.63962,0.231104,0.000646812,0.640848,0.938944,0.88825,0.479054,0.519974,0.94238
245,1.32517,1.25233,1.01603,3.47572,3.62848,0.228763,0.000633157,0.641656,0.938979,0.888542,0.479377,0.520294,0.944647
246,1.32302,1.24532,1.01129,3.46153,3.6142,0.226421,0.000619721,0.641843,0.938931,0.888553,0.479251,0.520181,0.880602
247,1.32227,1.23421,1.00036,3.4366,3.59156,0.22408,0.000606505,0.642181,0.939059,0.888889,0.480043,0.520928,0.940725
248,1.31619,1.23938,1.00392,3.44278,3.59274,0.221739,0.00059351,0.642031,0.938904,0.888597,0.480346,0.521171,0.936814
249,1.31883,1.23271,1.00463,3.44189,3.58829,0.219398,0.000580738,0.642251,0.939059,0.888426,0.480529,0.521319,0.944067
250,1.3265,1.24782,1.01184,3.46549,3.61961,0.217057,0.00056819,0.644129,0.939338,0.88876,0.480463,0.521293,0.942356
251,1.32193,1.24667,1.003,3.44413,3.60645,0.214716,0.000555867,0.643096,0.939503,0.888998,0.480119,0.521007,0.953353
252,1.31901,1.24912,1.00749,3.45061,3.60932,0.212375,0.000543772,0.644684,0.93939,0.889158,0.480046,0.520957,0.952176
253,1.31416,1.23167,1.00134,3.42968,3.57841,0.210033,0.000531904,0.645582,0.939605,0.889357,0.480115,0.52104,0.944715
254,1.32003,1.23079,1.01003,3.44707,3.59068,0.207692,0.000520266,0.646262,0.94048,0.889841,0.480493,0.521428,0.946494
255,1.3176,1.22709,0.996729,3.43182,3.56974,0.205351,0.00050886,0.646797,0.940488,0.890287,0.481042,0.521966,0.947609
256,1.31937,1.22775,0.990054,3.42218,3.56647,0.20301,0.000497685,0.648579,0.940768,0.890367,0.480718,0.521683,0.94074
257,1.31696,1.23656,0.990851,3.41643,3.57649,0.200669,0.000486743,0.648993,0.940553,0.890425,0.48098,0.521925,0.951421
258,1.3169,1.22907,0.991695,3.42184,3.56632,0.198328,0.000476036,0.648959,0.94119,0.890733,0.481366,0.522302,0.940627
259,1.31776,1.22867,1.01103,3.44379,3.58517,0.195987,0.000465564,0.648418,0.940338,0.889682,0.480872,0.521753,0.948795
260,1.31965,1.23623,0.986756,3.41766,3.57265,0.193645,0.00045533,0.648682,0.940644,0.88836,0.480269,0.521078,0.961369
261,1.31533,1.22976,0.985748,3.41271,3.55879,0.191304,0.000445333,0.650166,0.940768,0.888337,0.480329,0.52113,0.945792
262,1.31525,1.23285,0.995972,3.41909,3.57319,0.188963,0.000435575,0.650265,0.941076,0.887905,0.48044,0.521187,0.950581
263,1.31989,1.22871,0.985039,3.41076,3.56184,0.186622,0.000426057,0.650667,0.941198,0.888726,0.480814,0.521605,0.940744
264,1.31313,1.22118,0.982002,3.40326,3.54185,0.184281,0.000416781,0.649471,0.940868,0.888373,0.480505,0.521292,0.957092
265,1.3168,1.22715,0.995622,3.42128,3.56588,0.18194,0.000407746,0.649366,0.940868,0.888224,0.480436,0.521215,0.940002
266,1.30906,1.22519,0.996,3.4151,3.55545,0.179599,0.000398955,0.649645,0.940868,0.888367,0.481029,0.521763,0.946227
267,1.31161,1.23217,0.989692,3.42125,3.55765,0.177258,0.000390408,0.649269,0.940899,0.888851,0.48167,0.522388,0.948401
268,1.30393,1.21767,0.989877,3.4031,3.53445,0.174916,0.000382106,0.651526,0.940438,0.889405,0.482042,0.522778,0.950861
269,1.3199,1.23429,0.995519,3.42705,3.57529,0.172575,0.00037405,0.651177,0.941354,0.890979,0.482093,0.522982,0.948305
270,1.31118,1.22002,1.00097,3.41527,3.55615,0.170234,0.000366241,0.652739,0.941486,0.891281,0.482312,0.523209,0.971155
271,1.31355,1.2241,0.988224,3.40593,3.55007,0.167893,0.000358679,0.651313,0.941486,0.891599,0.482189,0.52313,0.943412
272,1.31292,1.2152,0.990541,3.40649,3.54091,0.165552,0.000351366,0.651993,0.941406,0.892186,0.482397,0.523376,0.976566
273,1.31058,1.20816,0.987687,3.39969,3.52724,0.163211,0.000344302,0.650308,0.940944,0.892494,0.482036,0.523082,0.961976
274,1.31714,1.22358,0.990804,3.4158,3.55372,0.16087,0.000337489,0.652635,0.941255,0.892612,0.481922,0.522991,0.943526
275,1.30592,1.19919,0.975371,3.36211,3.50277,0.158528,0.000330926,0.653655,0.941585,0.893006,0.482141,0.523227,0.938519
276,1.31458,1.21733,0.981148,3.39621,3.53469,0.156187,0.000324615,0.654759,0.941585,0.892553,0.482374,0.523392,0.942611
277,1.31628,1.21812,0.99125,3.40877,3.5469,0.153846,0.000318556,0.655524,0.941383,0.893019,0.483024,0.524024,0.956157
278,1.31775,1.21726,0.985574,3.40742,3.5408,0.151505,0.00031275,0.653665,0.940924,0.89271,0.482937,0.523915,0.947498
279,1.30355,1.20469,0.979862,3.38102,3.50687,0.149164,0.000307198,0.655148,0.941255,0.891637,0.482341,0.523271,0.944908
280,1.3058,1.21872,0.976728,3.39204,3.52004,0.146823,0.000301899,0.655733,0.941562,0.892181,0.482343,0.523327,0.954316
281,1.30503,1.21086,0.978341,3.37476,3.5144,0.144482,0.000296856,0.656048,0.942475,0.892203,0.482458,0.523433,0.941131
282,1.31081,1.21306,0.984202,3.39886,3.52617,0.14214,0.000292068,0.655994,0.942475,0.892023,0.482521,0.523471,0.948685
283,1.30965,1.21678,0.986289,3.39548,3.53177,0.139799,0.000287535,0.657666,0.942475,0.89183,0.483125,0.523995,0.95238
284,1.31701,1.23182,0.984112,3.4009,3.55398,0.137458,0.000283259,0.656393,0.941973,0.890971,0.483345,0.524107,0.944298
285,1.30852,1.21563,0.982466,3.38801,3.52515,0.135117,0.00027924,0.656063,0.941973,0.890407,0.482784,0.523546,0.941485
286,1.30236,1.21137,0.981364,3.37727,3.51312,0.132776,0.000275478,0.655697,0.941973,0.890503,0.48237,0.523183,0.941976
287,1.31024,1.2224,0.989042,3.40557,3.5391,0.130435,0.000271974,0.657514,0.941973,0.890494,0.482051,0.522895,0.963526
288,1.30655,1.20757,0.976481,3.36997,3.50832,0.128094,0.000268728,0.657821,0.941973,0.890872,0.481882,0.522781,0.946699
289,1.2967,1.21262,0.986597,3.37854,3.5128,0.125753,0.00026574,0.658549,0.942072,0.891333,0.481999,0.522932,0.939215
290,1.30827,1.2161,0.984641,3.38577,3.52636,0.123411,0.00026301,0.660092,0.942072,0.891675,0.482268,0.523209,0.954012
291,1.30725,1.22347,0.993971,3.40117,3.5417,0.12107,0.00026054,0.660372,0.94312,0.892723,0.482478,0.523503,0.935823
292,1.30868,1.211,0.986231,3.38791,3.52181,0.118729,0.000258329,0.660859,0.943021,0.89296,0.482684,0.523712,0.949916
293,1.30774,1.20722,0.979005,3.37639,3.50946,0.116388,0.000256378,0.659876,0.943021,0.89259,0.482497,0.523507,0.946858
294,1.30848,1.20725,0.970074,3.37081,3.50061,0.114047,0.000254687,0.659964,0.942475,0.892381,0.482321,0.523327,0.94343
295,1.30741,1.21449,0.967117,3.36469,3.50465,0.111706,0.000253255,0.660579,0.942806,0.892963,0.482769,0.523788,0.928427
296,1.31331,1.22107,0.972087,3.39072,3.52068,0.109365,0.000252083,0.66117,0.942622,0.892927,0.483078,0.524063,0.947961
297,1.2915,1.2031,0.986991,3.36932,3.49504,0.107023,0.000251172,0.661847,0.942624,0.892995,0.482877,0.523889,0.946607
298,1.30494,1.20349,0.97563,3.36757,3.49768,0.104682,0.000250521,0.661442,0.94338,0.893704,0.482655,0.52376,0.947368
299,1.31536,1.21378,0.974413,3.38657,3.51689,0.102341,0.00025013,0.661154,0.943351,0.894014,0.482785,0.523907,0.949007
300,1.30728,1.20171,0.984451,3.38625,3.50535,0.1,0.00025,0.660828,0.942633,0.893703,0.482539,0.523655,0.943619
