epoch,box_loss,cls_loss,l1_loss,dfl_loss,loss_o2m,loss_o2o,prog_alpha,lr,precision,recall,mAP50,mAP50_95,fitness,ms_per_image,epoch_seconds,train_seconds,val_seconds,elapsed_hours
1,4.07122,6.67212,3.5038,0,14.0792,14.9189,0.8,0.00499987,0,0,0.000765173,0.000167077,0.000226887,1.58526,118.007,107.428,10.5786,0.03278
2,3.45956,5.85112,3.37881,0,12.8291,12.1391,0.797659,0.00499948,1,0,0.0358715,0.011304,0.0137607,0.946947,87.949,78.9712,8.97775,0.0575068
3,2.61923,4.78021,2.4895,0,9.90025,9.84496,0.795318,0.00499883,0.318542,0.283041,0.206287,0.0757364,0.0887915,0.933622,89.6261,80.764,8.86206,0.0825773
4,2.13505,3.63266,1.95788,0,7.68788,7.87006,0.792977,0.00499792,0.363809,0.518197,0.394381,0.175778,0.197638,0.930128,89.2375,80.6858,8.55174,0.10752
5,1.96029,3.17378,1.77896,0,6.86963,7.07693,0.790635,0.00499675,0.408619,0.607896,0.492333,0.22744,0.253929,0.928409,89.5735,80.6858,8.88775,0.132575
6,1.86032,2.8918,1.65939,0,6.36115,6.59905,0.788294,0.00499531,0.374698,0.611197,0.448633,0.191916,0.217587,0.940089,87.7996,78.9485,8.8511,0.157116
7,1.80631,2.72418,1.60017,0,6.0812,6.31225,0.785953,0.00499362,0.414912,0.699592,0.540164,0.216226,0.24862,0.936619,86.6004,78.0339,8.56651,0.181312
8,1.75407,2.60391,1.53888,0,5.85061,6.06431,0.783612,0.00499167,0.391326,0.736709,0.501481,0.218584,0.246873,0.945317,87.3605,78.481,8.87951,0.2057
9,1.71604,2.51813,1.51046,0,5.69791,5.91152,0.781271,0.00498946,0.426541,0.755505,0.576037,0.263822,0.295044,0.928129,88.8607,80.1043,8.75635,0.230503
10,1.68795,2.44986,1.47304,0,5.56095,5.78666,0.77893,0.00498699,0.443623,0.782942,0.60921,0.292819,0.324458,0.943933,87.9266,79.0572,8.86937,0.255094
11,1.67078,2.38853,1.45917,0,5.46726,5.69655,0.776589,0.00498426,0.453278,0.787347,0.62934,0.283028,0.31766,0.935399,87.9345,79.3105,8.62395,0.279664
12,1.64947,2.33353,1.43081,0,5.3659,5.57812,0.774247,0.00498127,0.428909,0.8341,0.641301,0.306191,0.339702,0.941186,88.5564,79.7094,8.84696,0.304378
13,1.63383,2.29174,1.38337,0,5.2562,5.48741,0.771906,0.00497803,0.433586,0.830498,0.643609,0.297008,0.331668,0.935152,88.8384,79.8403,8.99816,0.329228
14,1.62046,2.26598,1.39537,0,5.22821,5.4608,0.769565,0.00497452,0.413361,0.839529,0.616627,0.304199,0.335442,0.951434,87.754,78.8846,8.86935,0.353725
15,1.60681,2.24473,1.38011,0,5.18463,5.38666,0.767224,0.00497076,0.460333,0.782198,0.673361,0.329435,0.363828,0.938753,88.6112,79.9948,8.61635,0.378483
16,1.59341,2.20849,1.35773,0,5.10461,5.3386,0.764883,0.00496674,0.442649,0.783654,0.652378,0.295695,0.331363,0.938885,91.2466,82.5944,8.6522,0.403976
17,1.59161,2.18664,1.35663,0,5.07808,5.31732,0.762542,0.00496246,0.454276,0.841737,0.672264,0.334213,0.368018,0.937039,88.4015,79.6255,8.77602,0.428675
18,1.57647,2.14886,1.33161,0,4.99908,5.24038,0.760201,0.00495793,0.495705,0.814686,0.68618,0.345687,0.379736,0.917212,90.4866,81.8041,8.68248,0.453962
19,1.56792,2.13319,1.31499,0,4.95747,5.19959,0.75786,0.00495314,0.462608,0.827599,0.679431,0.339617,0.373599,0.922518,88.8117,79.9262,8.88552,0.478799
20,1.56023,2.09736,1.306,0,4.90584,5.14208,0.755518,0.0049481,0.460012,0.815017,0.684181,0.342602,0.376759,0.922857,90.8181,82.1067,8.71141,0.504163
21,1.54765,2.06746,1.29907,0,4.85651,5.09016,0.753177,0.0049428,0.472438,0.859075,0.716998,0.36674,0.401765,0.930559,90.7829,82.02,8.76284,0.529524
22,1.53924,2.07359,1.30655,0,4.86683,5.07775,0.750836,0.00493725,0.471536,0.825169,0.689204,0.340411,0.37529,0.903648,93.039,84.03,9.00904,0.55552
23,1.54195,2.05785,1.29952,0,4.84122,5.07223,0.748495,0.00493144,0.459344,0.836622,0.686725,0.326119,0.36218,0.932459,91.2082,82.4678,8.74041,0.581001
24,1.53697,2.04192,1.28527,0,4.80988,5.02369,0.746154,0.00492539,0.484439,0.8353,0.698372,0.345597,0.380874,0.928854,90.7605,82.0522,8.70833,0.60633
25,1.53176,2.03188,1.27744,0,4.77975,5.01916,0.743813,0.00491907,0.456938,0.834878,0.698749,0.342572,0.37819,0.939066,92.1491,83.2585,8.89053,0.632051
26,1.52235,2.01506,1.2619,0,4.73824,4.97448,0.741472,0.00491251,0.463357,0.85371,0.711679,0.362149,0.397102,0.926975,88.4329,79.6094,8.82348,0.65674
27,1.52088,2.02424,1.27368,0,4.762,4.97972,0.73913,0.0049057,0.456313,0.85044,0.704974,0.353601,0.388739,0.927345,90.7898,82.059,8.7308,0.682086
28,1.51282,1.99937,1.2628,0,4.71411,4.94543,0.736789,0.00489863,0.50652,0.830738,0.721649,0.365792,0.401378,0.896868,91.2621,82.5111,8.75101,0.707579
29,1.50837,1.98981,1.26599,0,4.70534,4.92688,0.734448,0.00489132,0.474758,0.829296,0.706355,0.356679,0.391646,0.904704,91.0982,82.2077,8.8905,0.733003
30,1.5007,1.97784,1.24934,0,4.6676,4.89261,0.732107,0.00488376,0.454488,0.823763,0.708409,0.356887,0.392039,0.915705,90.6123,81.7149,8.89737,0.758321
31,1.49939,1.95963,1.25373,0,4.65577,4.86663,0.729766,0.00487595,0.488382,0.832528,0.723969,0.362687,0.398815,0.905455,89.1601,80.4213,8.73882,0.783218
32,1.49047,1.96395,1.24379,0,4.64164,4.84921,0.727425,0.00486789,0.480898,0.848443,0.725805,0.363948,0.400134,0.924714,91.599,82.9388,8.66021,0.808806
33,1.49067,1.95439,1.25037,0,4.63752,4.84813,0.725084,0.00485959,0.490797,0.848683,0.727292,0.369018,0.404846,0.92862,93.4181,84.5408,8.87721,0.834882
34,1.49644,1.94465,1.24774,0,4.62738,4.84902,0.722742,0.00485104,0.488419,0.848546,0.72651,0.3662,0.402231,0.934946,89.8725,81.0302,8.84231,0.860027
35,1.48642,1.93338,1.24119,0,4.5991,4.82044,0.720401,0.00484225,0.480436,0.845655,0.715143,0.366377,0.401254,0.911536,90.4538,81.6204,8.83339,0.885284
36,1.47955,1.91674,1.22766,0,4.56218,4.78127,0.71806,0.00483322,0.475419,0.844935,0.720161,0.363128,0.398831,0.930399,91.6911,83.01,8.68114,0.910913
37,1.4857,1.93301,1.23821,0,4.59824,4.80464,0.715719,0.00482394,0.486403,0.865025,0.716108,0.362486,0.397848,0.918146,94.3618,85.5048,8.85699,0.937251
38,1.47299,1.89266,1.21487,0,4.51751,4.73737,0.713378,0.00481442,0.501934,0.866037,0.730382,0.370933,0.406878,0.909643,91.4444,82.658,8.78639,0.962782
39,1.47676,1.90004,1.21499,0,4.5313,4.74063,0.711037,0.00480467,0.507097,0.867849,0.726002,0.36622,0.402198,0.944904,87.1862,78.3314,8.85476,0.987154
40,1.47848,1.90078,1.23305,0,4.55212,4.75873,0.708696,0.00479467,0.520969,0.873445,0.738496,0.374304,0.410723,0.902501,86.839,78.2706,8.56843,1.0114
41,1.46623,1.89373,1.21294,0,4.50725,4.73084,0.706355,0.00478444,0.512746,0.858612,0.738105,0.37791,0.41393,0.925438,88.3127,79.4661,8.84653,1.03611
42,1.46787,1.88042,1.21057,0,4.49473,4.71141,0.704013,0.00477396,0.507457,0.873686,0.736042,0.375157,0.411245,0.931946,88.7684,79.9348,8.83359,1.06092
43,1.46608,1.88404,1.20344,0,4.4885,4.70656,0.701672,0.00476326,0.507111,0.867442,0.735587,0.372824,0.4091,0.92993,88.4217,79.4992,8.92252,1.08562
44,1.46878,1.88495,1.21057,0,4.49991,4.71405,0.699331,0.00475232,0.484846,0.867179,0.734066,0.376856,0.412577,1.01595,95.1791,81.2827,13.8964,1.11218
45,1.46454,1.89121,1.21041,0,4.5005,4.7172,0.69699,0.00474114,0.489645,0.870333,0.743859,0.381345,0.417596,1.04134,137.085,121.587,15.4976,1.15049
46,1.46029,1.86247,1.20336,0,4.45977,4.67706,0.694649,0.00472973,0.502561,0.878575,0.747117,0.382973,0.419387,1.00759,136.802,120.895,15.9066,1.18876
47,1.44756,1.86005,1.20744,0,4.45237,4.65606,0.692308,0.0047181,0.514722,0.876599,0.743585,0.378756,0.415239,0.985977,140.16,124.619,15.5409,1.22802
48,1.45757,1.85278,1.21379,0,4.45841,4.67041,0.689967,0.00470623,0.516367,0.875713,0.744616,0.378999,0.415561,1.07323,138.578,122.031,16.5472,1.26675
49,1.45148,1.8594,1.1928,0,4.43705,4.65036,0.687625,0.00469413,0.523278,0.882928,0.744927,0.379522,0.416063,1.04958,141.028,124.059,16.9694,1.30617
50,1.44888,1.84031,1.21052,0,4.43334,4.64424,0.685284,0.00468181,0.519807,0.877456,0.745293,0.381281,0.417683,0.996789,145.914,129.281,16.6321,1.34696
51,1.45175,1.85687,1.20089,0,4.44415,4.65029,0.682943,0.00466926,0.51481,0.873522,0.739529,0.376754,0.413031,0.983266,147.319,130.559,16.7595,1.38817
52,1.44172,1.84314,1.18602,0,4.40407,4.61324,0.680602,0.00465649,0.506089,0.869237,0.733067,0.374838,0.410661,1.03283,147.97,130.36,17.61,1.42953
53,1.44371,1.82854,1.17859,0,4.3861,4.58731,0.678261,0.0046435,0.509553,0.865918,0.736163,0.377516,0.413381,1.01447,146.58,130.234,16.3456,1.47055
54,1.44676,1.82787,1.18834,0,4.3971,4.60038,0.67592,0.00463028,0.510776,0.864175,0.738269,0.380162,0.415973,1.03787,150.131,132.883,17.2481,1.51251
55,1.44264,1.82532,1.19081,0,4.3934,4.59367,0.673579,0.00461684,0.50982,0.86517,0.739671,0.380657,0.416559,1.05932,146.428,129.468,16.9608,1.55347
56,1.44508,1.8383,1.19194,0,4.40275,4.6235,0.671237,0.00460319,0.50942,0.862107,0.738989,0.380416,0.416273,1.11432,145.429,128.192,17.2368,1.59414
57,1.44769,1.82076,1.18022,0,4.38454,4.57825,0.668896,0.00458932,0.510804,0.868069,0.742075,0.383752,0.419584,1.06995,142.877,126.045,16.8316,1.63407
58,1.43747,1.81675,1.17322,0,4.36212,4.55801,0.666555,0.00457523,0.506247,0.871994,0.739657,0.38273,0.418423,1.15552,141.197,123.773,17.4239,1.67364
59,1.43522,1.80883,1.17424,0,4.35105,4.55128,0.664214,0.00456093,0.506607,0.874547,0.741863,0.384403,0.420149,1.07298,141.873,123.58,18.2932,1.71331
60,1.43232,1.80959,1.17191,0,4.34023,4.55788,0.661873,0.00454642,0.509902,0.874095,0.740981,0.384133,0.419818,1.06183,149.761,132.547,17.214,1.75526
61,1.42719,1.81038,1.18338,0,4.35273,4.55313,0.659532,0.00453169,0.509506,0.874633,0.741449,0.384367,0.420075,1.02112,151.731,134.901,16.8308,1.79769
62,1.42697,1.79831,1.17477,0,4.33353,4.52757,0.657191,0.00451676,0.50928,0.877863,0.745439,0.385934,0.421884,1.04948,149.489,131.729,17.7602,1.83953
63,1.42579,1.79751,1.16892,0,4.32829,4.51351,0.654849,0.00450162,0.509949,0.879678,0.745356,0.38576,0.42172,1.03746,150.446,133.33,17.116,1.88169
64,1.43906,1.79548,1.16459,0,4.32887,4.53104,0.652508,0.00448627,0.515813,0.88272,0.745792,0.387464,0.423297,1.06296,147.728,130.776,16.9521,1.92301
65,1.44045,1.78984,1.17515,0,4.33219,4.54157,0.650167,0.00447072,0.512923,0.885105,0.744646,0.387028,0.42279,1.06678,142.19,126.275,15.9149,1.96287
66,1.42936,1.79672,1.17032,0,4.32539,4.52701,0.647826,0.00445497,0.513241,0.886033,0.746833,0.38814,0.424009,1.03285,138.736,123.254,15.4814,2.00164
67,1.42566,1.79719,1.1711,0,4.31996,4.52865,0.645485,0.00443902,0.513457,0.887484,0.743464,0.386658,0.422339,1.07704,134.968,119.169,15.7987,2.03948
68,1.43234,1.79244,1.1582,0,4.31401,4.50729,0.643144,0.00442286,0.514122,0.886656,0.750749,0.389551,0.425671,1.05429,136.747,121.272,15.4752,2.07771
69,1.4302,1.7968,1.17514,0,4.33165,4.5279,0.640803,0.00440651,0.507879,0.888468,0.748587,0.387893,0.423962,1.06654,135.864,120.526,15.3383,2.11579
70,1.42956,1.78719,1.17225,0,4.31501,4.51965,0.638462,0.00438997,0.509492,0.887988,0.747019,0.387554,0.423501,1.05309,135.749,120.607,15.1424,2.15375
71,1.42504,1.77969,1.14341,0,4.2739,4.47793,0.63612,0.00437323,0.511541,0.888364,0.746065,0.388518,0.424273,1.10681,134.388,118.752,15.6355,2.1913
72,1.42801,1.78969,1.16359,0,4.30748,4.509,0.633779,0.0043563,0.507091,0.893525,0.74435,0.388144,0.423765,1.07361,135.151,119.667,15.4842,2.22912
73,1.4238,1.77108,1.1455,0,4.26951,4.46183,0.631438,0.00433918,0.508532,0.893882,0.744763,0.387779,0.423477,1.07201,135.061,119.713,15.348,2.26691
74,1.41758,1.77038,1.15484,0,4.2702,4.46594,0.629097,0.00432187,0.506307,0.894095,0.745433,0.387497,0.423291,1.06287,135.938,120.471,15.4674,2.30491
75,1.41703,1.77022,1.15066,0,4.26392,4.46216,0.626756,0.00430438,0.505551,0.89516,0.745391,0.388092,0.423822,1.05205,134.795,119.142,15.6524,2.34259
76,1.41222,1.7439,1.15441,0,4.2355,4.43526,0.624415,0.0042867,0.506339,0.894781,0.745754,0.387796,0.423592,1.07441,136.333,120.826,15.5069,2.3807
77,1.41913,1.76425,1.15818,0,4.26607,4.46581,0.622074,0.00426884,0.508074,0.894681,0.744386,0.387514,0.423202,1.05876,135.695,119.979,15.716,2.41867
78,1.41205,1.76726,1.14146,0,4.24971,4.43659,0.619732,0.0042508,0.509697,0.89758,0.746363,0.388792,0.424549,1.07744,134.526,119.28,15.246,2.45628
79,1.40977,1.7628,1.15434,0,4.2541,4.44437,0.617391,0.00423258,0.511215,0.896878,0.747709,0.390348,0.426084,1.07443,135.527,119.82,15.7069,2.49422
80,1.42012,1.76607,1.14694,0,4.26121,4.44804,0.61505,0.00421419,0.514131,0.898282,0.750454,0.391521,0.427414,1.04534,134.426,119.057,15.3691,2.53186
81,1.40947,1.74354,1.1543,0,4.23131,4.42754,0.612709,0.00419562,0.511849,0.899983,0.751583,0.39268,0.42857,1.05061,136.617,120.984,15.6329,2.57014
82,1.40508,1.73546,1.13064,0,4.20055,4.38184,0.610368,0.00417687,0.512364,0.899233,0.754432,0.394809,0.430771,1.02942,134.272,118.893,15.3792,2.60773
83,1.4162,1.76109,1.15257,0,4.25512,4.4458,0.608027,0.00415796,0.509092,0.899983,0.750125,0.391821,0.427652,1.0825,135.333,119.812,15.5211,2.64565
84,1.40938,1.74747,1.14232,0,4.22517,4.41282,0.605686,0.00413888,0.507474,0.901769,0.747604,0.390613,0.426312,1.0716,135.47,119.55,15.9201,2.68352
85,1.40758,1.75367,1.13855,0,4.21532,4.42831,0.603344,0.00411964,0.508814,0.902953,0.750042,0.39274,0.428471,1.13724,136.451,121.558,14.8937,2.7217
86,1.4039,1.73724,1.14162,0,4.21184,4.38958,0.601003,0.00410023,0.50808,0.904201,0.748588,0.392545,0.42815,1.08536,136.747,121.343,15.4043,2.75996
87,1.41043,1.74078,1.14308,0,4.21774,4.4085,0.598662,0.00408065,0.509862,0.906225,0.7528,0.394622,0.43044,1.08482,134.799,119.265,15.5339,2.79764
88,1.40138,1.72734,1.12494,0,4.17952,4.36315,0.596321,0.00406092,0.512129,0.90545,0.754337,0.396383,0.432179,1.07599,134.668,119.174,15.4933,2.83528
89,1.41077,1.74451,1.13624,0,4.21407,4.40485,0.59398,0.00404103,0.51133,0.906448,0.750965,0.394755,0.430376,1.03958,135.577,120.191,15.3852,2.87325
90,1.4073,1.7361,1.1393,0,4.20599,4.39385,0.591639,0.00402099,0.512542,0.907833,0.749685,0.394206,0.429754,1.0636,135.812,120.29,15.5215,2.91121
91,1.39899,1.73534,1.13354,0,4.19226,4.37634,0.589298,0.00400079,0.51143,0.910163,0.749705,0.395216,0.430665,1.08763,135.347,120.266,15.0808,2.94907
92,1.40554,1.74723,1.12469,0,4.20067,4.38657,0.586957,0.00398044,0.512521,0.909815,0.750964,0.396237,0.43171,1.07498,134.935,119.446,15.4897,2.98678
93,1.39563,1.72525,1.12269,0,4.17011,4.34697,0.584615,0.00395995,0.51383,0.909086,0.752223,0.396877,0.432412,1.05747,135.109,119.666,15.4434,3.02453
94,1.40151,1.72634,1.12686,0,4.17092,4.3715,0.582274,0.0039393,0.513335,0.911233,0.74996,0.396265,0.431635,1.04626,135.562,120.097,15.4651,3.0625
95,1.40081,1.73007,1.12213,0,4.17179,4.36516,0.579933,0.00391852,0.515054,0.911566,0.751013,0.395479,0.431032,0.982207,134.998,118.494,16.5039,3.10023
96,1.39676,1.71941,1.12228,0,4.16508,4.33878,0.577592,0.00389759,0.513851,0.914038,0.749992,0.394385,0.429946,1.06506,137.752,122.154,15.598,3.13873
97,1.40215,1.74187,1.11904,0,4.18216,4.37263,0.575251,0.00387652,0.509847,0.912673,0.749869,0.394065,0.429645,1.02339,136.918,121.628,15.2909,3.17707
98,1.39266,1.71947,1.10084,0,4.13554,4.31685,0.57291,0.00385531,0.512558,0.915059,0.752085,0.395676,0.431317,1.0082,136.136,120.86,15.2767,3.21512
99,1.40317,1.73063,1.11187,0,4.16426,4.35385,0.570569,0.00383397,0.513987,0.91425,0.753946,0.397531,0.433173,1.001,137.968,122.689,15.2792,3.25369
100,1.39753,1.71011,1.11053,0,4.13999,4.32105,0.568227,0.0038125,0.512376,0.914148,0.75414,0.39818,0.433776,0.984982,136.064,120.137,15.927,3.29181
101,1.38698,1.69684,1.10725,0,4.11791,4.28643,0.565886,0.0037909,0.513433,0.914926,0.755324,0.399406,0.434998,1.06119,136.737,121.18,15.5575,3.33009
102,1.39494,1.71786,1.1212,0,4.15181,4.34012,0.563545,0.00376916,0.513075,0.915914,0.753802,0.39863,0.434147,0.987396,138.302,122.721,15.5816,3.36884
103,1.39593,1.71502,1.10576,0,4.13347,4.32318,0.561204,0.00374731,0.51632,0.918445,0.754355,0.398841,0.434393,1.07308,136.575,120.213,16.3613,3.40702
104,1.39452,1.71946,1.12185,0,4.15658,4.33625,0.558863,0.00372533,0.518313,0.919647,0.757523,0.401353,0.43697,1.11463,142.14,125.244,16.8956,3.4468
105,1.39107,1.70245,1.10479,0,4.11786,4.29926,0.556522,0.00370323,0.517827,0.918898,0.759307,0.402917,0.438556,0.998848,130.102,114.134,15.9682,3.48322
106,1.39046,1.71972,1.10356,0,4.12853,4.31964,0.554181,0.00368101,0.515886,0.921351,0.757996,0.401789,0.437409,1.03899,121.468,105.198,16.2693,3.51735
107,1.38424,1.69385,1.10723,0,4.10936,4.27884,0.551839,0.00365867,0.516922,0.923703,0.759655,0.402132,0.437884,0.951641,103.343,92.4989,10.8443,3.54636
108,1.39398,1.70834,1.11156,0,4.12984,4.31638,0.549498,0.00363623,0.519328,0.924045,0.759534,0.400943,0.436802,0.934824,105.117,96.4476,8.66895,3.5757
109,1.3848,1.70087,1.10378,0,4.10842,4.28737,0.547157,0.00361367,0.518963,0.92526,0.759384,0.400889,0.436738,1.0089,111.907,94.9589,16.9483,3.60694
110,1.39007,1.69397,1.0874,0,4.0855,4.2743,0.544816,0.003591,0.519453,0.928332,0.76099,0.401841,0.437756,1.10168,135.526,117.732,17.794,3.64484
111,1.39148,1.70878,1.11285,0,4.12983,4.31186,0.542475,0.00356823,0.520126,0.929648,0.760218,0.401962,0.437787,1.07277,142.313,125.377,16.9363,3.68465
112,1.38265,1.69584,1.11181,0,4.1148,4.27898,0.540134,0.00354535,0.519376,0.929898,0.761529,0.402742,0.438621,1.05525,141.568,124.685,16.8829,3.72426
113,1.38263,1.70458,1.10791,0,4.10982,4.29437,0.537793,0.00352237,0.520144,0.929942,0.761796,0.403459,0.439293,1.11351,145.151,126.988,18.1638,3.76495
